ID,NAME,BIRTHDAY
1,Angel Walker,1997-11-25
2,Alexander Matthews,1943-10-21
3,Gregory Jensen,1955-07-11
4,Frank Simmons,1956-12-30
5,Karina Gomez,1975-12-09
6,Sharon Mack,1968-05-10
7,Shawn Phillips,1933-10-18
8,Anna Rich,1953-02-16
9,Evan Jennings,1935-12-18
10,Richard Jones,1948-06-06
11,Paul Powell,1975-04-18
12,Tina Jefferson,1999-10-25
13,Megan Cochran,1967-09-12
14,Nicole Norris,1987-10-03
15,Anthony Cook,1968-11-17
16,Daniel Lane,1961-08-16
17,Sarah Perry,1961-12-24
18,Brandon Gutierrez,1994-06-26
19,Erika Santos,1986-10-19
20,Travis Wilcox,1933-07-26
21,Thomas West,1990-10-13
22,David Mills,1954-01-31
23,Brandon Schultz,1986-05-02
24,Jennifer Ray,1935-11-03
25,Richard Jackson,1990-11-19
26,Anna Harrison,1985-10-18
27,Jared Morrow,2000-06-24
28,Sarah Dunlap,1937-04-04
29,Patrick Cook,1985-02-17
30,Karen Hart,1943-10-20
31,Keith Ross,1945-11-26
32,Lisa Abbott,1978-09-22
33,Dennis Salas,1987-11-20
34,Keith Holmes,1957-11-16
35,Luis Moore,1971-05-23
36,Charles Brown,1954-09-15
37,Austin Ward,1973-01-06
38,Kathleen Chen,1942-02-02
39,Amanda Ward,1967-10-14
40,Kayla Clark,1962-04-13
41,Carrie Robinson,1989-10-10
42,Brian Smith,1955-03-16
43,Lisa Thomas,1947-06-28
44,Ashley Doyle,1969-11-03
45,Lisa Miller,1971-03-29
46,Melanie Hunter,1953-01-04
47,Teresa Mack,1956-02-27
48,Michael Carroll,1999-08-07
49,Ashley Navarro,1952-09-24
50,Kimberly Kramer,1996-04-02
51,Edward Patton,1953-02-11
52,Paige Carlson,1939-08-12
53,Joann Smith,1991-05-14
54,Cheryl Gutierrez,1987-04-04
55,Debra Mcbride,1941-02-16
56,Michelle Murillo,1937-03-18
57,Sabrina Jones,1967-09-15
58,Teresa Hoffman,1943-07-29
59,Denise Baxter,1947-04-26
60,Tyler Hughes,1969-12-12
61,Kevin Bryan,1942-06-15
62,Allen Conner,1946-05-22
63,Jonathan James,1955-11-13
64,Julie West,1957-04-16
65,Sharon Morales,1963-05-26
66,Crystal Mendez,2002-07-20
67,Dennis Payne,2000-01-02
68,Joshua Gutierrez,2002-07-23
69,Jasmine Crawford,1973-01-21
70,James Day,2004-02-02
71,Jacqueline Young,1973-12-15
72,Jennifer Willis,1967-08-21
73,Ryan Clarke,1986-06-07
74,Erika Martin,1993-01-01
75,Brett Hampton,1965-03-25
76,Vickie Norris,1948-09-19
77,Jason Koch,1975-10-07
78,Melissa Nunez,2000-03-25
79,Robin Garner,1973-02-21
80,Jacob Thompson,1951-01-20
81,Rebecca Dixon,1935-01-24
82,Thomas Ward,1951-08-11
83,Nancy Newman,1989-03-06
84,Julia Shaffer,1978-03-12
85,Kevin Davis,1961-02-05
86,Jamie Rice,1944-03-15
87,Nicholas Patel,1983-06-29
88,Mark Howe,1984-08-23
89,Gary Hill,1967-02-22
90,Kelly Stewart,1981-11-22
91,Dennis Brown,1976-06-22
92,Thomas Briggs,1950-11-07
93,Robert Day,1998-10-03
94,Michelle Alvarado,1952-01-29
95,Alicia Morgan,1952-03-05
96,Nicole Smith,1965-06-30
97,Andrew Horton,1972-01-19
98,Kathleen Cox DVM,1978-05-21
99,Sierra Mullins,1963-12-02
100,Scott Montgomery,1970-07-16
101,Robert Silva,1980-11-11
102,Robert Oconnor,1935-06-05
103,Nathaniel Maxwell,1941-06-01
104,Victor Lawson,2003-06-16
105,Ashley Williams,1974-05-10
106,Rodney Spencer,1972-03-13
107,Michelle Buckley,1935-01-30
108,Mary Williams,2001-08-24
109,Tiffany Wilkinson,1983-01-23
110,Ryan Bailey,1973-02-13
111,Kenneth Mitchell,1994-05-18
112,Jessica Short,1992-09-07
113,Mario Stephens,1940-03-02
114,Pamela Neal,1963-11-05
115,Carl Gibson,1975-11-07
116,Joshua Graves,1944-11-06
117,Daniel Gray,1941-06-19
118,Tony Meyer,1959-01-15
119,Nicole Brown,1946-09-13
120,James Ramos,1945-02-16
121,Jeffrey Mckenzie,1984-03-26
122,Tiffany Smith,1966-09-05
123,Lori Peters,1984-05-12
124,Terry Ramirez,1949-01-21
125,David Buckley,1975-09-16
126,Matthew Wilson,1937-01-02
127,Terry Smith,1981-06-04
128,John Thomas,1934-04-03
129,Karen Ball,1935-12-25
130,Melissa Glover,2002-10-17
131,Kathryn Calderon,1957-04-15
132,Michael Richards,1994-01-12
133,Mary Blevins,1999-11-01
134,Cindy Oneal,1997-09-05
135,Christopher Stanton,2000-06-09
136,Jonathan Bennett,1967-11-15
137,Brittney Espinoza,1944-02-15
138,Katelyn Schmidt,1953-11-08
139,Mark Johnson,1951-02-08
140,Larry Hatfield,1969-07-19
141,Jessica Roberts,1980-11-04
142,Robert Hobbs,1987-06-08
143,Scott Flores,1960-03-01
144,Jacob Torres,2005-11-18
145,Michael Clark,1998-02-11
146,Fred Holland,1964-06-22
147,Leslie Whitehead,1958-06-21
148,Jason Flynn,1973-10-28
149,Amanda Adams,1935-04-28
150,Brian Mcdonald,1939-05-18
151,Alison Spencer,1979-02-06
152,Mr. David Johnson,2000-02-12
153,Adam Williams,1952-09-13
154,Anthony Alvarez,1998-06-15
155,William Campbell,1952-02-26
156,Alan Mccoy,1952-08-30
157,Dennis Johnson,1970-11-09
158,Erica Johnson,1981-10-01
159,Charlotte Garcia,1965-05-07
160,Taylor Murphy,1956-10-19
161,Monica York,1989-08-01
162,Noah Tyler,1956-06-13
163,Christopher Wagner,1990-07-04
164,Alexis Grant,1941-10-21
165,Cameron Mcclain,2003-06-19
166,Jason Martin,1953-01-31
167,Nathan Gonzales,1968-09-11
168,Linda Bush,1936-11-01
169,David Love,1974-10-22
170,Laura Martin,1934-04-20
171,Sarah Lynn,1991-12-26
172,Jacob Morales,1955-07-12
173,Richard Mcdonald,1980-04-11
174,Brittany Powell,1992-05-08
175,Rachel Watts,1971-03-18
176,Anne Campos,1947-11-14
177,Paula Johnson,2000-02-02
178,Diana Duncan,1957-05-24
179,Tina Ellis,1972-11-06
180,Eric Archer,1933-07-15
181,Rebecca Rogers,1967-02-02
182,Amanda Hernandez,1982-09-29
183,Eric Moore,1995-06-26
184,Joshua Anderson,1972-06-07
185,Brett Thompson,1999-03-25
186,Stephen Mejia,1953-06-23
187,Mary Anderson,1992-12-15
188,Leslie Graham,1946-01-24
189,Kevin Reyes,1957-02-15
190,Mr. Douglas Santana Jr.,1993-11-18
191,Susan Hubbard,1969-01-14
192,Jessica Nguyen,2000-06-07
193,John Small,2003-06-28
194,Brandy Fritz,1963-10-20
195,Karen Green,2002-03-23
196,Ashley Hunt,1944-09-27
197,Mitchell Bell,1980-02-20
198,David Elliott,1957-07-03
199,Kyle Jordan,1970-10-05
200,Todd Brown,1979-04-28
